customer_id,first_name,last_name,email,phone,address,city,state,country,signup_date
1,Robert,Soto,jennifercruz@example.com,220.516.3287,2788 Dodson Mills,Rivasside,New Hampshire,Canada,2022-09-20
2,Phyllis,Manning,wcole@example.org,+1-348-473-4714x3455,62316 Rivera Mountain,Brownchester,Missouri,India,2022-04-18
3,Rebecca,Silva,gateskathy@example.com,805.946.6889x3734,5627 Tina Place,South Brittanytown,Colorado,Australia,2022-01-30
4,Dawn,Taylor,qwhite@example.com,737-555-6464x17080,003 Mary Road,East David,Texas,South Africa,2021-09-02
5,Danny,Gould,xlyons@example.com,(699)812-4190,319 Curtis Trail Suite 919,West Amandastad,California,Italy,2024-01-03
6,William,Peterson,gshort@example.com,(672)762-8498x776,47379 Rogers Park,Hunterborough,Minnesota,United Kingdom,2022-01-15
7,Lauren,Peterson,angela83@example.org,367.683.7770,3495 Tran Key,Barajasside,Michigan,South Africa,2022-03-20
8,Michael,Chavez,john13@example.com,682-333-7498,3524 Jean Crossroad,Brandonton,Oklahoma,Canada,2023-09-19
9,Kelly,Raymond,agarcia@example.net,377-275-2047x1167,94131 Obrien Turnpike,Port Alexandra,New Hampshire,Italy,2024-04-22
10,Rebekah,Evans,ntorres@example.org,+1-213-834-1232x812,974 Jesse Squares Suite 713,Kristinshire,Texas,Brazil,2023-12-11
11,Linda,Gonzalez,stephensdeborah@example.com,(310)924-9947,648 Kim Rapid Apt. 659,Anthonybury,Utah,India,2022-08-03
12,Mary,Johnston,keyemily@example.com,001-802-978-7429,5655 Mia Isle,Steeleport,Texas,Canada,2022-02-02
13,Sierra,Cervantes,gibsonleonard@example.com,768-908-7603,34824 Gilmore Oval Apt. 093,West Andrea,Oklahoma,Australia,2022-04-11
14,Ricky,Walker,murraydavid@example.org,448.346.7737x8263,5840 Barber Villages Suite 278,Reedside,Wisconsin,Canada,2022-01-03
15,Amy,Gibson,molly39@example.com,260.457.6627,71870 Robert Shoal Apt. 174,Cindyfurt,Tennessee,South Africa,2021-01-29
16,Christopher,Murphy,ofinley@example.net,001-478-609-1343x16117,50455 Thomas Pines,Knightburgh,Hawaii,Germany,2023-12-30
17,Gregory,Lynch,pharvey@example.com,001-623-474-7407,5946 Bryant Hollow,South Melissa,Connecticut,United States,2022-07-16
18,John,Armstrong,victoria40@example.net,(640)490-9743x9533,047 Bethany Street,North Renee,Massachusetts,Japan,2021-04-22
19,Julie,Thompson,kristinwalter@example.com,784.324.7451x71236,48175 Richards View Suite 137,New Nicoleside,Massachusetts,South Africa,2022-08-22
20,Rose,Walker,reidsteven@example.net,861-920-0471x1382,869 Nicole Shoal Apt. 796,Antoniostad,Indiana,Mexico,2021-09-16
21,Scott,Sampson,cory58@example.net,(706)543-1713x900,318 Brenda Via,West Kim,Rhode Island,India,2023-10-03
22,Aaron,Garrison,vanessafernandez@example.org,402-605-3950,68117 Strickland Passage,South Williamton,Washington,Brazil,2021-01-26
23,Krista,Camacho,stephen00@example.com,(761)877-1159x2124,8961 Melissa Run Apt. 673,Morganmouth,Montana,China,2022-08-06
24,Robert,Davis,qedwards@example.com,(471)211-1615,165 Parrish Stravenue Apt. 494,Dalehaven,Indiana,China,2023-09-08
25,Eric,Olson,bellangela@example.org,001-649-636-8998x09402,0229 Jones Streets Apt. 183,Barnesmouth,Hawaii,Germany,2022-11-29
26,Mitchell,Griffith,wareeric@example.net,6145767976,6149 Rose Inlet,East Randallton,Alabama,Canada,2021-04-16
27,James,Dougherty,kathrynroberts@example.org,7763226838,060 Morse Wall Suite 969,Mckinneychester,Maine,India,2023-09-06
28,Darius,Smith,george97@example.net,(716)513-6968x164,18188 Rebecca Keys Suite 231,West James,Rhode Island,France,2021-05-14
29,Eric,Malone,thompsonkendra@example.com,999.679.9552x717,058 Lance Mission Apt. 054,Lake Michelleland,South Carolina,India,2023-10-05
30,Brooke,Cruz,colelisa@example.net,759.378.2071,37788 Michael Haven,Ortizmouth,Utah,Mexico,2024-03-27
31,Carla,Mccormick,cameron18@example.net,(344)692-5192x5462,528 Debbie Manors Suite 054,East Matthew,Wyoming,Germany,2021-04-20
32,Tom,Perez,ericphillips@example.org,988.205.9296x22292,3794 Young Garden Suite 735,Murrayport,Wyoming,Italy,2021-11-02
33,Patrick,Rose,lisasolis@example.org,907-458-1814x124,37506 Randy Landing Apt. 615,North Lucas,Connecticut,Canada,2024-02-27
34,Mary,Santos,devinmitchell@example.com,001-827-379-0104x328,41036 Brown Villages Suite 980,Lake Douglas,Nevada,United Kingdom,2021-06-24
35,Aaron,Gomez,qlopez@example.org,651.288.8880x67065,53195 Bradley Plains Suite 277,Port Dennis,Virginia,Japan,2021-08-31
36,Kimberly,Ellis,james30@example.com,386-787-4034x5054,7652 Holt Land Suite 161,Morrisonburgh,Ohio,Brazil,2023-05-03
37,Kelly,Garcia,donna47@example.net,001-362-875-7059x640,202 Johnson Cliff Apt. 556,New Ericmouth,Mississippi,Italy,2024-05-05
38,Nathan,Hines,alyssasanders@example.net,931-502-7868x144,731 Melissa Mission Apt. 715,Jennaside,Ohio,United Kingdom,2024-06-20
39,Kelly,Evans,jenniferho@example.net,(258)731-3237,8291 Kyle Stravenue Suite 866,East Teresaland,New Hampshire,France,2023-12-07
40,Steven,Holmes,nataliedeleon@example.net,001-622-468-0182,3584 John Roads,Davidport,South Carolina,Netherlands,2023-07-12
41,Amanda,Shaw,brittanycarpenter@example.org,+1-299-959-0010x94396,473 Evans Cliffs Apt. 276,Marshallmouth,Rhode Island,Canada,2023-06-26
42,Douglas,Hensley,jessica56@example.org,001-258-681-5371x47321,632 Peck Stravenue Suite 327,Jimenezport,New York,France,2024-04-20
43,Andrew,Landry,nlevy@example.net,(400)647-9748x016,5060 Michael Heights Apt. 687,Marciaville,Florida,Brazil,2022-09-18
44,Theresa,Long,angela52@example.org,+1-486-480-0025x787,526 Wheeler Parkways Suite 947,West Markville,Nebraska,United States,2024-06-25
45,Brandy,Robles,carlsonjoseph@example.net,001-399-530-9728x96230,5626 Robert Trail,Salaston,Virginia,South Africa,2024-06-02
46,Devin,Clark,whitney78@example.com,627-585-8549x73348,3757 Castro Underpass Suite 419,Huangfurt,Minnesota,Italy,2021-07-23
47,Stephanie,Ballard,bobby15@example.com,+1-547-533-8484x2199,833 Craig Isle,Garciaberg,Alabama,Mexico,2022-03-02
48,Tamara,Spence,richarddonovan@example.com,434.254.0193x8026,2400 Bradley Coves Suite 478,Smallberg,North Carolina,Canada,2022-03-09
49,Taylor,Lee,riverajessica@example.net,720-354-9329x668,122 Morris Gateway Apt. 463,Molinamouth,Maryland,India,2024-09-14
50,Brandi,Berry,desiree30@example.net,774-526-8414,72795 Miles Mountains,Port John,Wisconsin,United Kingdom,2021-11-18
51,Caitlin,Cobb,xrice@example.org,001-410-788-3982,39718 Stokes Motorway Apt. 867,New Stevenport,Washington,Japan,2021-12-22
52,Andrew,Scott,reesebeth@example.org,(851)980-1704x62265,1825 Gregory Plain Suite 823,Port Andrewport,New Jersey,Germany,2021-06-03
53,Emily,Stephens,pmorrow@example.com,(324)231-0690x331,030 Gonzales Plains Apt. 028,Jimshire,Massachusetts,France,2021-01-06
54,Barbara,Barton,joel28@example.org,(744)808-9268x70568,46287 Melissa Hills Apt. 708,Faulknerside,North Dakota,South Africa,2023-07-12
55,Dennis,Sanchez,markmiller@example.com,(518)930-4699x013,4033 Julie Throughway,Rochaborough,Montana,China,2024-05-01
56,Rose,Arnold,oscar85@example.com,258-577-1753x556,48996 Hernandez Isle,South Ashley,Kansas,United States,2022-08-20
57,Victor,Pena,jonathan77@example.com,(252)328-7280,62312 Jeffery Motorway,Brucefort,Texas,Canada,2022-04-20
58,Tony,Smith,hsmith@example.net,584-608-6211x823,6156 Cunningham Square Apt. 410,South Nicholasside,New Mexico,South Africa,2022-08-03
59,Brian,Smith,christopherbruce@example.net,291-480-3397x40148,39261 Martin Garden Suite 856,Port Vanessa,Washington,India,2023-07-19
60,Christian,Mcgee,brian63@example.org,899-496-5047x73586,94311 Moore Station Apt. 655,North Adamport,New Hampshire,Netherlands,2022-04-24
61,Michael,Nelson,christopherjordan@example.net,+1-786-810-1581,6618 Ashley Extension,Jacksonview,Maryland,Italy,2022-06-26
62,Joseph,Thomas,ryanfisher@example.com,354-437-9937,65965 Cook Via Apt. 459,South Leon,Montana,Brazil,2024-07-04
63,Tanya,Carter,yfaulkner@example.org,564-965-1939x82807,167 Cynthia Garden Suite 266,South Vickifort,Pennsylvania,Italy,2024-09-16
64,Richard,Hunter,ystephens@example.com,001-789-811-3529x096,14388 Sean Lock,Bartonshire,Vermont,France,2022-02-10
65,Vincent,Cooper,webbkenneth@example.org,725-945-7387,7514 Lisa Crescent,Port Matthewville,Utah,Japan,2021-08-24
66,Lauren,Spears,zacharyarnold@example.com,+1-267-536-2266,660 Jamie Terrace Apt. 918,West Mark,New Jersey,Mexico,2022-04-06
67,Daniel,Lambert,orose@example.com,+1-369-469-1557x924,34125 William Manor Apt. 966,South Cynthia,Vermont,Netherlands,2021-11-02
68,Samantha,Arias,angelaburns@example.org,(557)890-5072,7677 Christopher Burgs Apt. 404,New Keith,Wyoming,Spain,2022-06-29
69,Stephen,Newton,hdunn@example.net,848-358-0783,0745 Scott Crest,East Lisa,Pennsylvania,India,2021-10-19
70,Hannah,Callahan,imartin@example.org,709.658.4982,481 Sydney Turnpike Suite 042,East Dustin,Massachusetts,Germany,2021-05-03
71,Maria,Juarez,kburns@example.net,766-271-1684x577,751 Robinson Meadow,South Joseph,Maine,Brazil,2022-09-22
72,Matthew,Lane,rkramer@example.org,8175012770,424 Diamond Glen,West Elizabethburgh,Arkansas,Netherlands,2024-03-11
73,Randy,Torres,rubendavis@example.org,2372129387,62713 Davis Valley Apt. 155,Derrickberg,Tennessee,China,2022-08-15
74,Victoria,Thomas,bishopfrank@example.com,001-732-869-7311x2196,34138 Maxwell Spurs Apt. 438,Lake Peter,Tennessee,China,2021-09-12
75,Brian,Hurst,troyrodriguez@example.com,+1-491-980-5526x9658,91043 Sandra Turnpike,Hunterhaven,Wyoming,South Africa,2022-09-15
76,Robert,Miles,davidsonamanda@example.org,614-818-3285x691,31617 Kyle Streets,North Alexander,Florida,Canada,2023-04-05
77,Jacqueline,Martin,alexandra42@example.com,(641)305-6481,8507 Michael Glens Apt. 913,North Micheletown,Kansas,Japan,2023-10-22
78,Brandon,Cox,haroldhorne@example.org,+1-763-353-6541,38061 Cline Trail,Markside,New Jersey,China,2023-10-09
79,Alan,Gonzalez,jodi37@example.com,001-573-783-2060,0641 Alyssa Freeway,Vasquezton,Georgia,Brazil,2021-06-14
80,Jennifer,Davis,phyllismeyer@example.net,(871)491-8261x990,4565 Chavez Fort,East Derekshire,Connecticut,Netherlands,2021-03-23
81,Eric,Martin,hedwards@example.net,(537)747-4112x490,35680 Green Extensions,South Melissaside,West Virginia,South Africa,2023-06-04
82,Andrea,Davis,laradonald@example.org,6323365199,37215 Brad Mountain,East Sandrachester,Washington,Brazil,2022-10-23
83,Randall,Johnson,nthompson@example.org,947-220-9993x476,6263 Crystal Unions,South Kimberlystad,New Mexico,United States,2022-05-28
84,Amy,Washington,paul20@example.com,+1-530-540-7859x321,039 Kelly Villages Apt. 239,Lindastad,Pennsylvania,United Kingdom,2021-07-07
85,Anthony,Haynes,annalopez@example.com,+1-542-270-1039,59325 Samantha Vista Suite 002,Port Daniel,North Dakota,Spain,2024-10-12
86,Michelle,Yu,janet69@example.org,445-822-6752x89539,422 Stacy Ports Suite 902,Samanthabury,South Dakota,Brazil,2024-03-24
87,Ariana,Zuniga,gary15@example.com,2438315410,626 Macias Keys Suite 179,East Shannon,Arizona,Italy,2021-02-12
88,Kenneth,Flores,jonesgeorge@example.com,(818)415-9970,01533 Terry Stravenue Suite 443,North Philipside,New York,Spain,2024-10-08
89,Eric,Ward,qmiller@example.net,+1-873-910-3241x714,418 Lopez Light Suite 270,Scottview,Iowa,Brazil,2022-07-06
90,Mary,Elliott,karencontreras@example.org,+1-558-969-3806x86879,60898 David Throughway Suite 223,East Brad,Colorado,Italy,2021-03-24
91,Vanessa,Graham,maryscott@example.net,916-286-8548,62299 Sara Port Apt. 485,Bakerfort,Oregon,China,2021-12-25
92,Chelsea,Johnson,richard99@example.net,001-660-665-3074x505,1324 Schroeder Islands Suite 691,South Jason,Nebraska,Mexico,2023-11-29
93,Joyce,Malone,lori82@example.org,986-228-9023x3030,345 Wagner Roads Apt. 035,Wheelerburgh,New Mexico,Netherlands,2023-06-25
94,Brenda,Bailey,marygreen@example.net,540-560-2933,680 Thomas Curve Apt. 903,Charleneport,Virginia,Germany,2022-07-24
95,Tammy,Day,wwoodard@example.com,637-648-9691x085,1545 Green Station,Jacobhaven,Wisconsin,France,2024-04-13
96,John,Brown,rguerrero@example.org,001-507-944-6660x9935,428 Kelly Mountains Apt. 482,Destinybury,Minnesota,Spain,2024-07-24
97,Jeffrey,Savage,vfrench@example.com,594-371-7099x917,460 Derrick Flats Suite 697,West Michelle,Idaho,India,2023-10-05
98,Kimberly,Freeman,lawrencebrown@example.com,832-992-7129x666,08350 Sherman Pines Apt. 003,Lake Natalie,Maryland,Australia,2023-08-21
99,David,Reyes,gary04@example.com,889.285.6257x532,23098 David Station,South Nancyview,Wyoming,Australia,2023-04-17
100,Amanda,Williams,stanleydesiree@example.org,4165761847,6184 Robert Cove,West Danielville,New York,Mexico,2022-10-20
101,James,Gonzalez,marie35@example.net,(942)408-7375x30011,114 Stephen Hill,Stevenville,Idaho,Spain,2021-08-03
102,Morgan,Phelps,laurie56@example.net,610-302-2557,2166 Nelson Lights Suite 621,Lake Jessica,Hawaii,Australia,2021-11-26
103,Dale,Pruitt,rpham@example.com,(396)859-0277,14508 Tiffany Skyway Suite 889,South Dorothybury,New Mexico,South Africa,2023-04-24
104,Michael,Rhodes,jhernandez@example.net,7025877217,0838 Powell Freeway Apt. 779,Millerfort,New Hampshire,Canada,2023-10-12
105,Leslie,Hooper,garciarobert@example.net,+1-901-799-4883,37589 Moran Lakes Suite 113,West Michaelport,Oklahoma,France,2024-09-18
106,Alejandra,Park,princetravis@example.net,001-361-849-3316x3735,917 Barrett Parkways,South Adam,West Virginia,United States,2024-02-01
107,Brandon,Mcconnell,xglass@example.org,001-592-621-6995x866,4722 Morrison Summit Suite 858,East Jason,Virginia,India,2023-07-21
108,Kelly,Reed,tinasantos@example.org,385.215.8799x68460,00342 Vega Drive Apt. 438,West Lisaville,South Carolina,Canada,2022-10-07
109,Miranda,Stevenson,juliahoffman@example.org,540.766.6580x04397,347 Tonya Club,East Jill,Delaware,India,2022-10-25
110,Nicholas,Patterson,david94@example.org,372-702-5909x47985,81826 Davis Forges,Lake Martin,Mississippi,Spain,2023-04-08
111,Kelly,Clements,wbarajas@example.net,7158739930,4840 Robertson Pass,Tuckerport,Tennessee,Spain,2023-11-20
112,James,Palmer,jacksonstephanie@example.net,+1-801-333-6138,75011 Gregory Glen,New Lorraineview,Nebraska,Mexico,2021-01-03
113,Paul,Mccoy,ystewart@example.net,380-691-9015,147 Foster Shore Apt. 728,East Julie,Ohio,China,2024-01-17
114,Kenneth,Walters,erica50@example.net,+1-321-600-9968,536 Eugene Forges,Jamesburgh,Texas,United States,2023-04-27
115,Lauren,Phelps,enewman@example.com,+1-314-513-9755x23149,7594 Ariana Lakes Suite 620,Johnbury,Virginia,Japan,2022-01-20
116,Jodi,Graham,dennis57@example.com,554.678.1291x428,108 Lisa Prairie,Hammondborough,Arizona,Brazil,2023-01-11
117,Andrea,Stephens,jvaldez@example.com,(539)442-7881x6580,2299 Jill Orchard,Billyfort,Iowa,Mexico,2023-10-18
118,Bryan,Wood,barnettapril@example.com,(477)800-5184x4989,9184 Kaufman Fork Suite 557,Eatontown,North Carolina,Italy,2023-06-25
119,Nicole,Gonzales,chrisschneider@example.org,(322)959-1365,3926 John Crossroad Apt. 280,North Gabriel,Idaho,United Kingdom,2021-04-16
120,Zachary,Sullivan,johnsjessica@example.com,437-497-7236,57991 Nicholas Curve Apt. 038,Serranoville,Idaho,Japan,2022-07-01
121,Thomas,Mendez,richamanda@example.org,772-298-0686,76599 Ronald Glens Suite 314,Scotttown,Virginia,Netherlands,2021-09-26
122,Julia,Smith,meyernicholas@example.org,001-756-651-2694x486,68872 Hansen Orchard Suite 495,Fitzgeraldville,West Virginia,China,2022-08-13
123,Jerry,Logan,craigromero@example.com,+1-890-326-0127,3519 Jenny Locks,Jenniferton,Wyoming,India,2023-09-20
124,Lori,Bowman,qsmith@example.net,430-398-8392x0530,5669 April Street Apt. 184,Michaelview,Iowa,Mexico,2021-03-01
125,Catherine,Lee,qandrews@example.org,(981)881-8451x84894,57790 Wilson Cliff Suite 335,Moseshaven,Ohio,Italy,2024-05-31
126,Alec,Collier,justinross@example.net,518-527-5539x42373,33395 Kimberly Crest Apt. 790,Port Timothymouth,New York,South Africa,2022-05-06
127,Rachael,Ibarra,travis84@example.com,792.808.6780,1875 Alexander Fords,Carpentermouth,Mississippi,Canada,2021-11-21
128,Chloe,Green,joel79@example.com,(427)563-6556x472,438 Chase Flat,Port Susan,Georgia,United States,2024-02-03
129,Thomas,Smith,oporter@example.net,+1-357-444-8906,47175 Ward Points,Mauricechester,Delaware,France,2024-02-06
130,Michael,Frazier,barbarasantos@example.net,(645)958-7716,56996 Christian Junctions,West Logan,Maine,United Kingdom,2021-07-10
131,Jennifer,Jacobs,cnelson@example.com,001-498-876-2202x3413,17800 Warren Corner,West Christineland,Tennessee,China,2021-08-21
132,Sarah,Price,johnmitchell@example.net,(928)620-0557,82997 Mills Route Suite 578,Port Christopher,Maryland,Mexico,2021-08-29
133,Michael,Green,alex82@example.com,778-507-7406x4930,663 Jennifer Rue Suite 634,South Colleenhaven,Wisconsin,China,2021-11-12
134,Lauren,Austin,justin84@example.com,612.924.1797,0208 Jacob Cove,Josephmouth,Washington,Japan,2022-08-21
135,Alan,Davis,snydermatthew@example.com,457.505.1204x6187,0136 Wright Bypass Apt. 718,South Paul,Maryland,France,2022-07-14
136,Sharon,Moore,garnerandrea@example.org,474-635-0313x650,3009 Barker Drives,Kellibury,Hawaii,China,2023-09-16
137,Vincent,Parks,sarah00@example.com,+1-828-712-7358x5730,0778 Daniels Overpass,New Jacob,Minnesota,China,2022-05-15
138,Mario,Mcdonald,caseymoore@example.com,585-770-8620x959,863 Cannon Drives,Marcusmouth,Delaware,Germany,2024-02-03
139,Cole,Hopkins,conleydavid@example.org,617.231.0967,91037 Taylor Route Apt. 586,Lauraton,South Carolina,United Kingdom,2023-02-25
140,Joseph,Williams,davenportchristian@example.org,811.338.6338x39288,761 Laura Plaza Suite 852,Mahoneymouth,Oklahoma,Japan,2024-05-12
141,Victoria,Nguyen,robert65@example.net,998.836.8457,049 Zachary Hollow,West Traceyborough,Massachusetts,Spain,2021-10-07
142,Andrew,Short,samantha88@example.net,001-721-507-5224,4196 Jessica Stream,Lauraburgh,New York,Canada,2021-05-23
143,Margaret,Norris,larsonkevin@example.net,001-561-205-5661,48058 Mark Square Apt. 206,Mullinsshire,North Carolina,Australia,2023-04-30
144,Christopher,Reynolds,vhernandez@example.org,590.986.4168x6227,938 John Grove Suite 591,Lake Robertstad,Minnesota,Canada,2023-11-06
145,James,Cooper,carrillogary@example.com,+1-279-527-0335x211,0514 Ruiz Isle,Lake Amanda,Indiana,Canada,2021-01-06
146,Amy,Christensen,jdean@example.net,001-606-298-0420x439,016 Alvarado Shoals Suite 104,Hallfurt,North Carolina,Spain,2022-09-04
147,Tiffany,Garcia,todd98@example.org,(638)778-0038,2055 Garrett Freeway Suite 046,New Stacybury,Georgia,Brazil,2024-04-17
148,Matthew,Long,christopherreyes@example.net,+1-436-539-2649x578,832 Barker Pine,South Wendy,Wyoming,China,2024-09-13
149,Dustin,Fitzpatrick,lonniegrant@example.net,925-620-5664,12209 Obrien Ridge,New Jesse,Utah,China,2021-11-01
150,Anthony,Miller,manderson@example.com,001-252-667-7223x306,33127 Watts Way Suite 366,New Jillfurt,Washington,China,2024-01-09
151,Lawrence,Carr,meyershannon@example.org,588.660.8680,4472 Phillips Center Apt. 771,East Kimberlyside,Florida,Australia,2022-12-08
152,Phillip,Morris,whitebrittany@example.net,971.745.2111,689 Nicholas Light,Port Georgemouth,Oregon,Italy,2024-02-05
153,Monica,Huffman,mistywhite@example.net,5642474212,77780 Young Radial Suite 767,New Carolbury,Oklahoma,France,2024-01-18
154,Joshua,Fuller,brandonhernandez@example.net,(402)409-9451x016,998 Tammy Summit Suite 014,Miguelfurt,California,Netherlands,2023-07-22
155,Katherine,Bridges,carterdennis@example.net,358-968-3390x198,9548 Ho Ridges Suite 877,New Jesse,Maine,Spain,2022-10-22
156,Tiffany,Smith,marshalllaura@example.net,296.560.5583,1448 Wang Crescent Suite 569,Port Gregorymouth,Michigan,South Africa,2022-01-22
157,Sandra,Mendoza,probles@example.org,227.585.7608x4958,1240 Terrell Road Apt. 996,New Darryl,Wisconsin,Brazil,2022-05-05
158,Kyle,Hodge,nelsonchristopher@example.org,(974)238-4215x031,235 Oconnor Pine Suite 521,East Jenny,New Jersey,United Kingdom,2023-02-24
159,Paul,Hancock,smithsarah@example.net,+1-715-570-1840x943,4857 Joseph Estate,Dannyside,North Carolina,United States,2023-04-22
160,Curtis,Daniels,joseph49@example.org,(214)995-8702,60166 Janet Ramp,Jensenport,Michigan,South Africa,2022-10-14
161,Lisa,Marquez,beltrankatelyn@example.com,001-521-571-7477,456 Holly Shores,Kristinamouth,New Jersey,South Africa,2023-08-27
162,Tony,Jones,bellsteven@example.org,959-892-8161x5814,93827 Jones Fords Suite 695,East Elaine,California,France,2023-02-20
163,Jodi,Joseph,mwilson@example.com,281-372-4619x19657,90227 Price Ports,Gonzalezmouth,Maryland,Italy,2024-09-21
164,Ashley,Gentry,samantha65@example.org,001-209-286-2405,40369 Garrett Station Suite 666,Lake Glenn,Florida,Germany,2024-08-28
165,Jacob,Cruz,mary24@example.net,(320)410-2762,9692 Hicks Plaza Suite 653,South Cassandra,Oregon,United States,2023-10-12
166,Tyrone,Simon,robert89@example.com,4096751971,189 John Roads Apt. 894,West Amandatown,New Mexico,Japan,2021-09-16
167,Shawn,Escobar,robert44@example.org,2946940792,7128 Melissa Harbors,Davidview,Louisiana,Australia,2024-04-23
168,Michaela,Smith,munozrenee@example.net,(275)724-3728,92766 Donna Stream,East Becky,Minnesota,Spain,2021-07-25
169,Brian,Baker,williamssteven@example.com,978-836-6742x8604,018 Blanchard Meadows Suite 544,West Destinyfurt,New Jersey,India,2023-06-21
170,Kendra,Curry,aprilbyrd@example.org,680-501-0618x17534,91093 Jean Crest,Port Cassandrafurt,Texas,Netherlands,2023-12-14
171,Kathryn,Wong,pauladominguez@example.com,871-774-6542x1406,4271 Krause Flats,Whitefort,Connecticut,United States,2023-07-25
172,Douglas,Mack,christinarodriguez@example.com,001-241-201-1947x072,2569 Zachary Trail Suite 766,New Jeremiahfurt,Vermont,France,2021-10-23
173,Lisa,Olson,mathew46@example.org,+1-515-685-1743x2806,57173 Austin Burg Apt. 761,Victormouth,Alaska,Germany,2024-09-02
174,Benjamin,Brown,sullivanjason@example.net,+1-287-582-9310x27079,20417 Mary Circles,North Tylerbury,California,China,2021-06-03
175,Linda,Simmons,rnguyen@example.net,+1-325-630-9251,2582 Sanchez Prairie,East Craigfurt,Wyoming,Australia,2022-06-27
176,Eric,Hobbs,smithharry@example.org,001-594-467-2324x876,279 Courtney Tunnel,Michaeltown,Oklahoma,South Africa,2024-06-30
177,Joe,Wilson,montgomerymichelle@example.net,237.734.0312x77220,64597 Dan Center Apt. 207,North Pattymouth,Pennsylvania,Mexico,2023-03-26
178,Bethany,Barnes,jerry15@example.org,936-236-3179,39726 Taylor Stravenue Apt. 543,Davidshire,Arkansas,Spain,2021-06-14
179,Juan,Rodriguez,kellis@example.com,349.829.2983,97740 Fitzgerald Gateway Apt. 569,New Sophia,Oregon,Spain,2022-11-04
180,Rachel,Butler,williamsthomas@example.net,3682671773,25431 Timothy Inlet Apt. 799,South Stevenberg,Virginia,Spain,2024-10-13
181,Richard,Clarke,courtney01@example.com,001-758-204-6498x931,16579 Michael Extensions Apt. 832,Johnville,Tennessee,France,2023-12-29
182,Timothy,Crosby,karenhodges@example.com,(348)964-0155x778,9513 Miller Lock Apt. 411,West Daniel,Georgia,Mexico,2022-10-11
183,Tyler,Golden,cartertara@example.net,(275)567-0431,9557 Ellis Port Apt. 424,South Nathan,Maine,Spain,2023-09-27
184,Kayla,Williams,justin29@example.org,001-484-922-2231x059,2380 Spence Drive Suite 782,Davidtown,Montana,United States,2024-01-14
185,Sarah,Mack,jreilly@example.org,001-988-254-7492x9751,814 Richard Ville,South Michael,Massachusetts,India,2024-06-18
186,Brian,Davidson,kimberlywang@example.org,7182718637,2656 Smith Key Suite 478,East Jessicamouth,West Virginia,Mexico,2022-04-26
187,Victoria,Lara,frank66@example.org,001-391-823-4785,64628 Page Throughway,East Jacob,Missouri,United Kingdom,2022-08-12
188,Keith,Henry,mary47@example.net,001-973-500-2447x1462,47195 Cunningham Ways,Courtneyfort,Vermont,France,2021-07-05
189,Loretta,Brooks,brucefrancisco@example.org,(857)725-2045,4818 Katie Falls,New Karenside,Massachusetts,Italy,2021-07-21
190,Monique,Serrano,joseph51@example.net,001-852-702-8457,32833 Robert Club,Port Davidtown,New Mexico,South Africa,2024-07-21
191,Michael,Vazquez,lisapreston@example.net,352.840.1322x34232,07603 Antonio Shoals,South Davidview,Arizona,China,2021-07-25
192,Carl,Contreras,pattonsamantha@example.org,001-732-750-1249,938 Cory Prairie,New Jayborough,Maine,South Africa,2021-12-07
193,George,Webster,beltrancorey@example.org,875.392.7125x66383,71827 Bush Point Apt. 157,South Justinport,Utah,Netherlands,2022-09-06
194,Theresa,Wallace,broberts@example.org,375-320-7167,6912 Michael Flat,Jamesfurt,Delaware,United States,2021-03-01
195,Jesse,Coleman,tramirez@example.net,001-646-457-9678,14773 Anthony Street Apt. 170,South Cassandra,Massachusetts,Italy,2022-10-27
196,Eric,Howell,wolfdonna@example.net,001-277-834-7784x85880,7567 Johnson Fall,Nicoleburgh,New York,Canada,2021-04-25
197,Ryan,Edwards,hfreeman@example.net,+1-878-789-7782x80647,0090 Mary Keys Apt. 561,Reedstad,Nebraska,Australia,2023-01-05
198,Michael,Stanley,jimmycollins@example.org,001-814-615-2085x076,790 Gray Loaf,Ashleyfort,Connecticut,Germany,2023-06-02
199,Hannah,Harris,wshaw@example.net,629-845-6371x83440,191 Nelson Port,Simmonsstad,California,Japan,2022-05-16
200,Denise,Turner,ryan85@example.org,(964)698-7820x82973,083 Ford Garden Apt. 466,Michelleland,South Dakota,Brazil,2023-04-24
201,James,Gutierrez,debbie49@example.org,(231)523-0347x7866,2044 Dawn Canyon,Caseyton,Colorado,Italy,2024-10-28
202,Lee,Evans,lesterrichard@example.com,+1-316-523-1981x89847,5963 Robinson Coves,East Tara,New Hampshire,Germany,2022-01-04
203,Ricky,Roy,henrynicholas@example.org,286-573-4257x54090,645 Amanda Freeway Suite 606,Kevinbury,Maryland,India,2021-12-25
204,Jason,Zamora,zwelch@example.net,(704)817-7656x12481,0027 Aaron Flats Suite 591,East Johnberg,Rhode Island,Spain,2024-06-02
205,Gina,Sparks,shannon24@example.org,+1-295-543-1652x66930,3420 Williamson Rapid,Edwardstad,Hawaii,Brazil,2023-02-23
206,Stacey,Wilson,dayala@example.net,513.633.4476x2639,2620 Cherry Freeway,Solomonstad,Pennsylvania,United Kingdom,2024-10-31
207,Gabrielle,Ellis,harrisonmonica@example.net,(936)769-4118x0053,48964 Lambert Curve,New Harryburgh,North Carolina,Netherlands,2023-10-17
208,Trevor,Morgan,uanderson@example.net,662.741.5027x45644,57287 Jacob Center Apt. 207,Frankmouth,Nevada,Germany,2024-04-09
209,Darren,Woodard,wwilliams@example.net,+1-577-671-2151,84993 Alicia Ports,South Samantha,Kansas,China,2022-04-21
210,Kayla,Rhodes,anthony16@example.com,001-615-220-1777,97592 Michelle Unions Suite 501,Davisview,Idaho,Canada,2024-07-30
211,John,Wise,ndavis@example.org,(764)521-4764x9251,6749 Davis Manors Suite 926,Davishaven,Michigan,Canada,2023-07-31
212,Teresa,Rhodes,sarahrose@example.net,614.276.1742x24386,81866 Steven Stravenue,Michaelshire,Colorado,United States,2024-09-27
213,Kayla,Smith,lwhite@example.com,6167459779,21941 Ferguson Avenue,Wilsonburgh,Tennessee,Netherlands,2023-08-11
214,Thomas,Holt,nturner@example.com,001-564-912-2031x030,368 Christopher Trail,Hernandezchester,Alaska,Mexico,2022-08-13
215,Darren,Barrera,emaynard@example.org,893.934.9605x016,76789 Hall Circle Apt. 695,West Patriciachester,New Mexico,Germany,2024-01-25
216,Daryl,Dean,shane60@example.org,637-857-3839x5972,572 Justin Summit Apt. 722,East Catherine,Connecticut,China,2021-06-01
217,Laura,Hahn,ntorres@example.net,3057452280,93183 Scott Junctions Suite 084,Port Hannah,North Carolina,Brazil,2022-12-09
218,Cassandra,Garcia,housesamuel@example.com,001-411-699-1808x12135,712 Cook Dam Apt. 376,East Maryfort,Michigan,Mexico,2022-09-05
219,Justin,Jackson,nathan65@example.net,+1-932-486-3266x67850,811 Edwards Trail,South Bryan,Wisconsin,South Africa,2023-05-19
220,Benjamin,Nielsen,rachelbrown@example.net,001-484-866-8455x048,389 Terry Valleys Suite 341,New Matthewberg,North Dakota,China,2022-05-28
221,Victoria,Campbell,huntlarry@example.com,001-620-708-9434x68105,17490 Morgan Freeway,West Kevin,Texas,United Kingdom,2022-09-11
222,Kristen,Espinoza,jenniferstone@example.org,858-893-5712,06273 Miller Springs,Chapmanhaven,Wyoming,Spain,2023-02-27
223,Ralph,Baker,cfields@example.net,962.928.2772x8813,285 Carolyn Lodge,North Mikeport,Arizona,India,2023-09-17
224,Alexandra,Wilson,vickie44@example.com,4229960443,85106 Berry Port,Mcculloughfurt,New Mexico,France,2022-05-01
225,Mary,Bass,kathleenwagner@example.com,001-277-925-1996x63658,120 Hoffman Crossing Apt. 398,New Aimeefort,North Carolina,Australia,2024-03-17
226,Penny,Martinez,suzannehill@example.org,297.918.9569,6260 Reyes Course,North Amberport,Georgia,Canada,2024-03-23
227,Ian,Tate,kristopherrussell@example.org,7954200461,4610 John Ranch Apt. 788,Averyview,Arkansas,United States,2022-08-28
228,Lucas,Tran,washingtonrick@example.org,8489913824,832 Fernandez Extension,New Stephanie,Oklahoma,France,2024-09-10
229,Shannon,Smith,nwoodward@example.com,+1-620-207-4946x5398,891 Davis Square,Port Donaldside,Louisiana,United States,2022-07-17
230,Natalie,Clark,nicole54@example.net,943.255.3795x020,268 Farmer Plain,Port Nancyland,Ohio,Spain,2024-03-05
231,Anthony,Collier,wchambers@example.com,+1-256-620-1753x703,19433 Coffey Camp Suite 793,East Traceyfurt,Delaware,Netherlands,2021-04-11
232,Molly,Carroll,mjackson@example.net,001-699-592-1921x2493,894 Smith Meadow,Port Sheilachester,Nebraska,South Africa,2024-05-26
233,Joshua,Frazier,hsimpson@example.org,001-230-546-8750x6351,33254 Connie Court Apt. 760,Marybury,Connecticut,Spain,2023-10-15
234,Thomas,Benjamin,underwoodapril@example.org,299-271-7911,1207 Kevin Road Suite 110,West Melissafurt,Connecticut,Italy,2022-08-10
235,Christina,Jenkins,chavezsteven@example.com,+1-291-350-7859x311,284 Fisher Stream,Lopezberg,Arizona,Brazil,2022-04-17
236,Bruce,Collins,ppalmer@example.com,498-222-7495x4508,806 Gonzalez Flats,Port Casey,Illinois,United Kingdom,2022-12-23
237,Elizabeth,Neal,vgreene@example.net,001-259-946-5217,33793 Timothy Trafficway,Lindsayfurt,Indiana,United Kingdom,2024-07-27
238,Richard,Mckenzie,coxcharles@example.org,+1-212-547-3950,2342 Abbott Gardens,East Andrew,Kentucky,Canada,2024-06-25
239,Renee,Smith,nicholascobb@example.org,434-573-5528x96112,655 Rowland Gardens,Port Christinaborough,Ohio,Italy,2024-10-20
240,Kelly,Hernandez,brianflynn@example.org,997.431.7912x86857,587 Wells Prairie Suite 903,East Shannon,Kansas,Mexico,2024-09-12
241,Randy,Torres,xduncan@example.com,+1-212-914-7853,7766 Ballard Island Suite 602,Hallland,Minnesota,Mexico,2021-10-08
242,Rachel,Phillips,hartmansara@example.org,615-608-3535,92840 Campbell Key Suite 690,Valdezberg,Montana,Netherlands,2021-07-18
243,Jeremy,Cummings,thomasblack@example.net,001-777-451-5366x37780,0755 Robert Spur,Farmerside,Maryland,Mexico,2024-07-09
244,Mark,Johnson,weekseric@example.com,001-899-596-6361,59741 Damon Plaza Apt. 097,East Jamesfurt,Maine,Canada,2021-03-22
245,Jamie,Carter,gibsonmiguel@example.org,(956)362-1286,23467 Cassandra Inlet Apt. 874,North Vickie,New Hampshire,United States,2023-06-22
246,Caleb,Ross,aliciakent@example.com,879.501.4754x692,676 Holly Court,Haleton,Kansas,Australia,2024-04-01
247,Nicole,Moore,elizabeth13@example.com,(281)951-1856x72438,76563 Johnson Glen,Lake Sallymouth,Texas,India,2021-09-27
248,Kaitlyn,Washington,millerdiane@example.net,827.442.2091x241,042 Howard Forge,Lake Amandamouth,Vermont,Australia,2022-08-28
249,Brandon,Walters,myerskyle@example.org,+1-200-263-3533x106,13122 Robert Coves Suite 583,New Randall,Nevada,Germany,2023-05-01
250,David,Lewis,marcus06@example.net,606-937-3149x50136,892 Haley Rapid,Tinafurt,Utah,Germany,2022-02-16
